filename,predicted_label
0.jpg,Bay
1.jpg,Fixed
10.jpg,H_Sliding
100.jpg,Awning
101.jpg,Hung
102.jpg,Hung
103.jpg,Awning
104.jpg,H_Sliding
105.jpg,Hung
106.jpg,Hung
107.jpg,Awning
108.jpg,Bay
109.jpg,H_Sliding
11.jpg,Hung
110.jpg,H_Sliding
111.jpg,H_Sliding
112.jpg,Fixed
113.jpg,Hung
114.jpg,H_Sliding
115.jpg,H_Sliding
116.jpg,H_Sliding
117.jpg,Bay
118.jpg,Bay
119.jpg,H_Sliding
12.jpg,Hung
120.jpg,Hung
121.jpg,Fixed
122.jpg,Fixed
123.jpg,Hung
124.jpg,Awning
125.jpg,Fixed
126.jpg,H_Sliding
127.jpg,H_Sliding
128.jpg,H_Sliding
129.jpg,H_Sliding
13.jpg,Hung
130.jpg,Bay
131.jpg,Awning
132.jpg,Hung
133.jpg,Fixed
134.jpg,Bay
135.jpg,Hung
136.jpg,Hung
137.jpg,Hung
138.jpg,Hung
139.jpg,Hung
14.jpg,Hung
141.jpg,Hung
142.jpg,H_Sliding
143.jpg,H_Sliding
144.jpg,Awning
145.jpg,H_Sliding
146.jpg,Awning
147.jpg,H_Sliding
148.jpg,Hung
149.jpg,H_Sliding
15.jpg,H_Sliding
150.jpg,Bay
151.jpg,Bay
152.jpg,Bay
153.jpg,Bay
154.jpg,Fixed
155.jpg,H_Sliding
156.jpg,Bay
157.jpg,Hung
158.jpg,Fixed
159.jpg,H_Sliding
16.jpg,Hung
160.jpg,Fixed
161.jpg,Fixed
162.jpg,Hung
163.jpg,Hung
164.jpg,Hung
165.jpg,H_Sliding
166.jpg,Fixed
167.jpg,Hung
168.jpg,H_Sliding
169.jpg,Bay
17.jpg,Hung
170.jpg,H_Sliding
171.jpg,Bay
172.jpg,Hung
173.jpg,Hung
174.jpg,Awning
175.jpg,Fixed
176.jpg,Fixed
177.jpg,H_Sliding
178.jpg,Awning
179.jpg,Hung
18.jpg,H_Sliding
180.jpg,Awning
181.jpg,Bay
182.jpg,Bay
183.jpg,Bay
184.jpg,Hung
185.jpg,Awning
186.jpg,Bay
187.jpg,H_Sliding
188.jpg,Hung
189.jpg,Fixed
19.jpg,Hung
190.jpg,H_Sliding
191.jpg,Bay
192.jpg,Bay
193.jpg,Hung
194.jpg,Hung
195.jpg,Awning
196.jpg,Fixed
197.jpg,Hung
198.jpg,Awning
199.jpg,H_Sliding
2.jpg,Hung
20.jpg,Bay
200.jpg,Bay
201.jpg,H_Sliding
202.jpg,Fixed
203.jpg,Awning
204.jpg,Bay
205.jpg,Bay
206.jpg,Fixed
207.jpg,Hung
208.jpg,Fixed
209.jpg,Hung
21.jpg,Hung
210.jpg,Awning
211.jpg,Fixed
212.jpg,Hung
213.jpg,Bay
214.jpg,Hung
215.jpg,Hung
216.jpg,Hung
217.jpg,Awning
218.jpg,Fixed
219.jpg,Fixed
22.jpg,Fixed
220.jpg,Hung
221.jpg,Fixed
222.jpg,Awning
223.jpg,Awning
224.jpg,Hung
225.jpg,H_Sliding
226.jpg,Bay
227.jpg,H_Sliding
228.jpg,Awning
229.jpg,Fixed
23.jpg,Hung
230.jpg,Bay
231.jpg,Hung
232.jpg,Hung
233.jpg,H_Sliding
234.jpg,Bay
235.jpg,Fixed
236.jpg,Hung
237.jpg,Awning
239.jpg,Hung
24.jpg,H_Sliding
240.jpg,Bay
241.jpg,H_Sliding
242.jpg,Fixed
243.jpg,Fixed
244.jpg,Fixed
245.jpg,Hung
246.jpg,H_Sliding
247.jpg,Hung
248.jpg,H_Sliding
249.jpg,Awning
25.jpg,Bay
250.jpg,Awning
251.jpg,Fixed
252.jpg,Hung
253.jpg,Awning
255.jpg,Fixed
256.jpg,Hung
257.jpg,H_Sliding
258.jpg,Hung
259.jpg,Awning
26.jpg,Fixed
260.jpg,Bay
261.jpg,Hung
262.jpg,Fixed
263.jpg,Hung
264.jpg,Awning
265.jpg,Hung
266.jpg,Awning
267.jpg,Fixed
268.jpg,H_Sliding
269.jpg,Hung
27.jpg,Hung
270.jpg,Hung
271.jpg,Hung
272.jpg,Hung
273.jpg,Fixed
274.jpg,H_Sliding
275.jpg,Fixed
276.jpg,Hung
277.jpg,Hung
278.jpg,Fixed
279.jpg,Awning
28.jpg,Fixed
280.jpg,Awning
281.jpg,Hung
282.jpg,Awning
283.jpg,Bay
284.jpg,Fixed
285.jpg,Awning
286.jpg,Hung
287.jpg,Awning
288.jpg,Awning
289.jpg,Awning
29.jpg,Hung
290.jpg,H_Sliding
291.jpg,Fixed
292.jpg,Bay
293.jpg,Fixed
294.jpg,Hung
295.jpg,Fixed
296.jpg,Fixed
297.jpg,Hung
298.jpg,Fixed
299.jpg,Fixed
3.jpg,Fixed
30.jpg,H_Sliding
300.jpg,Hung
301.jpg,Fixed
302.jpg,H_Sliding
303.jpg,Fixed
304.jpg,Fixed
305.jpg,Hung
306.jpg,Bay
307.jpg,Hung
308.jpg,Hung
309.jpg,Awning
31.jpg,Bay
310.jpg,Hung
311.jpg,Bay
312.jpg,H_Sliding
313.jpg,Bay
314.jpg,Fixed
315.jpg,Hung
316.jpg,Awning
317.jpg,Fixed
318.jpg,Fixed
319.jpg,Fixed
32.jpg,Awning
320.jpg,Hung
321.jpg,Bay
322.jpg,Bay
323.jpg,Bay
324.jpg,Awning
325.jpg,Fixed
326.jpg,Hung
327.jpg,Hung
328.jpg,Awning
329.jpg,Hung
33.jpg,Hung
330.jpg,Fixed
331.jpg,Hung
332.jpg,Awning
333.jpg,Bay
334.jpg,H_Sliding
335.jpg,Hung
336.jpg,Awning
337.jpg,Fixed
338.jpg,H_Sliding
339.jpg,Hung
34.jpg,Hung
340.jpg,Fixed
341.jpg,H_Sliding
342.jpg,Awning
343.jpg,Hung
344.jpg,Hung
345.jpg,Awning
346.jpg,Hung
347.jpg,Fixed
348.jpg,Fixed
349.jpg,Awning
35.jpg,Fixed
350.jpg,Awning
351.jpg,Fixed
352.jpg,Awning
353.jpg,Awning
354.jpg,Hung
355.jpg,Hung
356.jpg,Fixed
357.jpg,Fixed
358.jpg,Bay
359.jpg,Fixed
36.jpg,Fixed
360.jpg,Fixed
361.jpg,Fixed
362.jpg,H_Sliding
363.jpg,Fixed
364.jpg,Awning
365.jpg,Fixed
366.jpg,Awning
367.jpg,Awning
368.jpg,Hung
369.jpg,Bay
37.jpg,Hung
370.jpg,Fixed
371.jpg,H_Sliding
372.jpg,Bay
373.jpg,Awning
374.jpg,Hung
375.jpg,Hung
376.jpg,H_Sliding
377.jpg,Fixed
378.jpg,Hung
379.jpg,Awning
38.jpg,Fixed
380.jpg,H_Sliding
381.jpg,H_Sliding
382.jpg,Fixed
383.jpg,Fixed
384.jpg,H_Sliding
385.jpg,Awning
386.jpg,H_Sliding
387.jpg,H_Sliding
388.jpg,Fixed
389.jpg,Fixed
39.jpg,Fixed
390.jpg,H_Sliding
391.jpg,Awning
392.jpg,H_Sliding
393.jpg,Hung
394.jpg,Fixed
395.jpg,H_Sliding
396.jpg,H_Sliding
397.jpg,H_Sliding
398.jpg,Fixed
399.jpg,Bay
4.jpg,Awning
40.jpg,Fixed
400.jpg,H_Sliding
401.jpg,Fixed
402.jpg,Bay
403.jpg,Hung
404.jpg,H_Sliding
405.jpg,H_Sliding
406.jpg,Fixed
407.jpg,Awning
408.jpg,Hung
409.jpg,Awning
41.jpg,Hung
410.jpg,Hung
411.jpg,Fixed
412.jpg,Hung
413.jpg,Fixed
414.jpg,H_Sliding
415.jpg,Hung
416.jpg,Hung
417.jpg,Awning
418.jpg,Awning
419.jpg,H_Sliding
42.jpg,Fixed
420.jpg,H_Sliding
421.jpg,Hung
422.jpg,Fixed
423.jpg,Fixed
424.jpg,Bay
425.jpg,H_Sliding
426.jpg,Awning
427.jpg,Bay
428.jpg,Fixed
429.jpg,Hung
43.jpg,Fixed
430.jpg,Hung
431.jpg,Hung
432.jpg,Hung
433.jpg,Hung
434.jpg,Bay
435.jpg,Fixed
436.jpg,Fixed
437.jpg,Awning
438.jpg,Bay
439.jpg,Fixed
44.jpg,Awning
440.jpg,H_Sliding
441.jpg,Bay
442.jpg,Hung
443.jpg,Awning
444.jpg,Fixed
445.jpg,Fixed
446.jpg,Fixed
447.jpg,Bay
448.jpg,Fixed
449.jpg,Bay
45.jpg,Awning
450.jpg,Hung
451.jpg,Fixed
452.jpg,Hung
453.jpg,Bay
454.jpg,Hung
455.jpg,Hung
456.jpg,Bay
457.jpg,Awning
458.jpg,Bay
459.jpg,Hung
46.jpg,Awning
460.jpg,Hung
461.jpg,Fixed
462.jpg,Hung
463.jpg,Fixed
464.jpg,H_Sliding
465.jpg,Hung
466.jpg,Hung
467.jpg,Bay
468.jpg,Bay
469.jpg,Fixed
47.jpg,Hung
470.jpg,Bay
471.jpg,Hung
472.jpg,H_Sliding
473.jpg,Awning
474.jpg,Awning
475.jpg,Hung
476.jpg,Fixed
477.jpg,H_Sliding
478.jpg,Awning
479.jpg,Bay
48.jpg,Fixed
480.jpg,Fixed
481.jpg,H_Sliding
482.jpg,Awning
483.jpg,Awning
484.jpg,Hung
485.jpg,Hung
486.jpg,Fixed
487.jpg,Bay
488.jpg,Hung
489.jpg,Fixed
49.jpg,Fixed
491.jpg,Hung
492.jpg,H_Sliding
493.jpg,Hung
494.jpg,Fixed
495.jpg,Bay
496.jpg,Hung
497.jpg,Fixed
498.jpg,Fixed
499.jpg,Fixed
5.jpg,Hung
50.jpg,Fixed
51.jpg,Awning
52.jpg,Awning
53.jpg,Hung
54.jpg,Hung
55.jpg,Fixed
56.jpg,Hung
57.jpg,Hung
58.jpg,Fixed
59.jpg,Hung
6.jpg,H_Sliding
60.jpg,Awning
61.jpg,Hung
62.jpg,Hung
63.jpg,Bay
64.jpg,H_Sliding
65.jpg,Hung
66.jpg,Fixed
67.jpg,Hung
68.jpg,Awning
69.jpg,Bay
7.jpg,Awning
70.jpg,Bay
71.jpg,Awning
72.jpg,H_Sliding
73.jpg,Hung
74.jpg,Fixed
75.jpg,Hung
76.jpg,Awning
77.jpg,H_Sliding
78.jpg,Bay
79.jpg,Hung
8.jpg,Awning
80.jpg,Fixed
81.jpg,Bay
82.jpg,Hung
83.jpg,Bay
84.jpg,Hung
85.jpg,Bay
86.jpg,Fixed
87.jpg,Hung
88.jpg,H_Sliding
89.jpg,Hung
9.jpg,H_Sliding
90.jpg,H_Sliding
91.jpg,Fixed
92.jpg,Hung
93.jpg,Awning
94.jpg,Hung
95.jpg,Hung
96.jpg,Bay
97.jpg,Awning
98.jpg,H_Sliding
99.jpg,Hung
